state,year,cjars,prcnt_coverage,coverage,prcnt_coverage_adj_fe,prcnt_coverage_adj_mi
FL,1972,adj,NA,partial,0.7462686567164178,0.8706467661691543
FL,1973,adj,NA,partial,1.4925373134328357,1.4925373134328357
FL,1974,adj,NA,partial,1.4925373134328357,1.4925373134328357
FL,1975,adj,NA,partial,1.4925373134328357,1.4925373134328357
FL,1976,adj,NA,partial,1.4925373134328357,1.4925373134328357
FL,1977,adj,NA,partial,2.9850746268656714,1.4925373134328357
FL,1978,adj,NA,partial,2.9850746268656714,1.4925373134328357
FL,1979,adj,NA,partial,2.9850746268656714,1.4925373134328357
FL,1980,adj,NA,partial,2.9850746268656714,1.4925373134328357
FL,1981,adj,NA,partial,4.477611940298507,1.4925373134328357
FL,1982,adj,NA,partial,4.477611940298507,1.4925373134328357
FL,1983,adj,NA,partial,4.477611940298507,1.616915422885572
FL,1984,adj,NA,partial,4.477611940298507,2.9850746268656714
FL,1985,adj,NA,partial,5.970149253731343,4.477611940298507
FL,1986,adj,NA,partial,7.462686567164178,5.970149253731343
FL,1987,adj,NA,partial,7.462686567164178,5.970149253731343
FL,1988,adj,NA,partial,10.572139303482588,7.462686567164178
FL,1989,adj,NA,partial,11.940298507462686,10.44776119402985
FL,1990,adj,NA,partial,12.686567164179104,11.194029850746269
FL,1991,adj,NA,partial,13.432835820895523,11.940298507462686
FL,1992,adj,NA,partial,13.432835820895523,14.17910447761194
FL,1993,adj,NA,partial,13.432835820895523,14.925373134328357
FL,1994,adj,NA,partial,13.432835820895523,14.925373134328357
FL,1995,adj,NA,partial,14.925373134328357,14.925373134328357
FL,1996,adj,NA,partial,14.925373134328357,14.925373134328357
FL,1997,adj,NA,partial,14.925373134328357,14.925373134328357
FL,1998,adj,NA,partial,14.925373134328357,14.925373134328357
FL,1999,adj,NA,partial,14.925373134328357,14.925373134328357
FL,2000,adj,NA,partial,14.925373134328357,14.925373134328357
FL,2001,adj,NA,partial,14.925373134328357,14.925373134328357
FL,2002,adj,NA,partial,14.925373134328357,14.925373134328357
FL,2003,adj,NA,partial,14.925373134328357,14.925373134328357
FL,2004,adj,NA,partial,14.925373134328357,14.925373134328357
FL,2005,adj,NA,partial,98.50746268656717,98.50746268656717
FL,2006,adj,NA,partial,98.50746268656717,98.50746268656717
FL,2007,adj,NA,fullFelony_partialMisd,100,98.50746268656717
FL,2008,adj,NA,fullFelony_partialMisd,100,98.6318407960199
FL,2009,adj,NA,full,100,100
FL,2010,adj,NA,full,100,100
FL,2011,adj,NA,full,100,100
FL,2012,adj,NA,full,100,100
FL,2013,adj,NA,full,100,100
FL,2014,adj,NA,full,100,100
FL,2015,adj,NA,partial,99.6268656716418,98.6318407960199
FL,2016,adj,NA,full,100,100
FL,2017,adj,NA,full,100,100
FL,2018,adj,NA,full,100,100
FL,2019,adj,NA,full,100,100
FL,2020,adj,NA,partial,99.6268656716418,99.75124378109453
FL,2021,adj,NA,partial,96.8905472636816,97.01492537313433
FL,2022,adj,NA,partial,30.472636815920396,38.18407960199005
FL,2023,adj,NA,noFelony_partialMisd,NA,0.6218905472636816
FL,1988,arr,0.9950248756218906,partial,NA,NA
FL,1989,arr,1.4925373134328357,partial,NA,NA
FL,1990,arr,1.4925373134328357,partial,NA,NA
FL,1991,arr,1.4925373134328357,partial,NA,NA
FL,1992,arr,1.4925373134328357,partial,NA,NA
FL,1993,arr,1.4925373134328357,partial,NA,NA
FL,1994,arr,1.4925373134328357,partial,NA,NA
FL,1995,arr,1.4925373134328357,partial,NA,NA
FL,1996,arr,1.4925373134328357,partial,NA,NA
FL,1997,arr,1.4925373134328357,partial,NA,NA
FL,1998,arr,1.4925373134328357,partial,NA,NA
FL,1999,arr,1.4925373134328357,partial,NA,NA
FL,2000,arr,1.4925373134328357,partial,NA,NA
FL,2001,arr,1.4925373134328357,partial,NA,NA
FL,2002,arr,1.4925373134328357,partial,NA,NA
FL,2003,arr,1.4925373134328357,partial,NA,NA
FL,2004,arr,1.4925373134328357,partial,NA,NA
FL,2005,arr,1.7412935323383085,partial,NA,NA
FL,2006,arr,2.9850746268656714,partial,NA,NA
FL,2007,arr,2.9850746268656714,partial,NA,NA
FL,2008,arr,2.9850746268656714,partial,NA,NA
FL,2009,arr,2.9850746268656714,partial,NA,NA
FL,2010,arr,2.9850746268656714,partial,NA,NA
FL,2011,arr,2.9850746268656714,partial,NA,NA
FL,2012,arr,2.9850746268656714,partial,NA,NA
FL,2013,arr,2.9850746268656714,partial,NA,NA
FL,2014,arr,2.9850746268656714,partial,NA,NA
FL,2015,arr,2.9850746268656714,partial,NA,NA
FL,2016,arr,2.9850746268656714,partial,NA,NA
FL,2017,arr,2.9850746268656714,partial,NA,NA
FL,2018,arr,2.9850746268656714,partial,NA,NA
FL,2019,arr,2.9850746268656714,partial,NA,NA
FL,2020,arr,2.9850746268656714,partial,NA,NA
FL,2021,arr,2.9850746268656714,partial,NA,NA
FL,2022,arr,2.9850746268656714,partial,NA,NA
FL,1997,inc,25,partial,NA,NA
FL,1998,inc,100,full,NA,NA
FL,1999,inc,100,full,NA,NA
FL,2000,inc,100,full,NA,NA
FL,2001,inc,100,full,NA,NA
FL,2002,inc,100,full,NA,NA
FL,2003,inc,100,full,NA,NA
FL,2004,inc,100,full,NA,NA
FL,2005,inc,100,full,NA,NA
FL,2006,inc,100,full,NA,NA
FL,2007,inc,100,full,NA,NA
FL,2008,inc,100,full,NA,NA
FL,2009,inc,100,full,NA,NA
FL,2010,inc,100,full,NA,NA
FL,2011,inc,100,full,NA,NA
FL,2012,inc,100,full,NA,NA
FL,2013,inc,100,full,NA,NA
FL,2014,inc,100,full,NA,NA
FL,2015,inc,100,full,NA,NA
FL,2016,inc,100,full,NA,NA
FL,2017,inc,100,full,NA,NA
FL,2018,inc,100,full,NA,NA
FL,2019,inc,100,full,NA,NA
FL,2020,inc,100,full,NA,NA
FL,2021,inc,100,full,NA,NA
FL,2022,inc,75,partial,NA,NA
FL,1997,par,25,partial,NA,NA
FL,1998,par,100,full,NA,NA
FL,1999,par,100,full,NA,NA
FL,2000,par,100,full,NA,NA
FL,2001,par,100,full,NA,NA
FL,2002,par,100,full,NA,NA
FL,2003,par,100,full,NA,NA
FL,2004,par,100,full,NA,NA
FL,2005,par,100,full,NA,NA
FL,2006,par,100,full,NA,NA
FL,2007,par,100,full,NA,NA
FL,2008,par,100,full,NA,NA
FL,2009,par,100,full,NA,NA
FL,2010,par,100,full,NA,NA
FL,2011,par,100,full,NA,NA
FL,2012,par,100,full,NA,NA
FL,2013,par,100,full,NA,NA
FL,2014,par,100,full,NA,NA
FL,2015,par,100,full,NA,NA
FL,2016,par,100,full,NA,NA
FL,2017,par,100,full,NA,NA
FL,2018,par,100,full,NA,NA
FL,2019,par,100,full,NA,NA
FL,2020,par,75,partial,NA,NA
FL,2016,pro,8.333333333333332,partial,NA,NA
FL,2018,pro,16.666666666666664,partial,NA,NA
FL,2019,pro,16.666666666666664,partial,NA,NA
FL,2020,pro,16.666666666666664,partial,NA,NA
MI,1979,adj,NA,partialFelony_noMisd,2.4096385542168677,NA
MI,1980,adj,NA,partialFelony_noMisd,2.4096385542168677,NA
MI,1981,adj,NA,partialFelony_noMisd,2.4096385542168677,NA
MI,1982,adj,NA,partialFelony_noMisd,3.2128514056224895,NA
MI,1983,adj,NA,partial,5.522088353413655,0.7028112449799196
MI,1984,adj,NA,partial,9.538152610441768,1.9076305220883536
MI,1985,adj,NA,partial,9.63855421686747,3.2128514056224895
MI,1986,adj,NA,partial,16.566265060240966,6.2248995983935735
MI,1987,adj,NA,partial,26.80722891566265,11.546184738955825
MI,1988,adj,NA,partial,40.86345381526104,23.895582329317268
MI,1989,adj,NA,partial,58.23293172690763,35.6425702811245
MI,1990,adj,NA,partial,66.56626506024097,48.99598393574297
MI,1991,adj,NA,partial,70.68273092369478,54.91967871485943
MI,1992,adj,NA,partial,72.28915662650603,57.329317269076306
MI,1993,adj,NA,partial,74.8995983935743,60.14056224899599
MI,1994,adj,NA,partial,80.32128514056225,68.67469879518072
MI,1995,adj,NA,partial,82.93172690763052,73.49397590361446
MI,1996,adj,NA,partial,86.74698795180723,76.20481927710844
MI,1997,adj,NA,partial,88.35341365461848,80.92369477911646
MI,1998,adj,NA,partial,89.7590361445783,84.03614457831326
MI,1999,adj,NA,partial,93.47389558232932,87.55020080321285
MI,2000,adj,NA,partial,93.97590361445783,89.85943775100401
MI,2001,adj,NA,partial,95.18072289156626,91.76706827309236
MI,2002,adj,NA,partial,95.18072289156626,92.7710843373494
MI,2003,adj,NA,partial,95.18072289156626,92.7710843373494
MI,2004,adj,NA,partial,95.18072289156626,93.97590361445783
MI,2005,adj,NA,partial,95.88353413654619,93.97590361445783
MI,2006,adj,NA,partial,97.59036144578313,94.67871485943775
MI,2007,adj,NA,partial,98.79518072289156,96.3855421686747
MI,2008,adj,NA,partial,98.79518072289156,96.3855421686747
MI,2009,adj,NA,partial,98.79518072289156,98.79518072289156
MI,2010,adj,NA,partial,98.79518072289156,98.79518072289156
MI,2011,adj,NA,partial,98.79518072289156,98.79518072289156
MI,2012,adj,NA,partial,98.79518072289156,98.79518072289156
MI,2013,adj,NA,partial,98.79518072289156,98.79518072289156
MI,2014,adj,NA,partial,98.79518072289156,98.79518072289156
MI,2015,adj,NA,partial,98.79518072289156,98.79518072289156
MI,2016,adj,NA,partial,98.79518072289156,98.79518072289156
MI,2017,adj,NA,partial,98.79518072289156,98.79518072289156
MI,2018,adj,NA,partial,98.79518072289156,98.79518072289156
MI,2019,adj,NA,partial,98.79518072289156,98.79518072289156
MI,2020,adj,NA,partial,98.79518072289156,98.79518072289156
MI,2021,adj,NA,partial,98.79518072289156,98.79518072289156
MI,2022,adj,NA,partial,49.19678714859438,49.096385542168676
MI,1981,inc,75,partial,NA,NA
MI,1982,inc,100,full,NA,NA
MI,1983,inc,100,full,NA,NA
MI,1984,inc,100,full,NA,NA
MI,1985,inc,100,full,NA,NA
MI,1986,inc,100,full,NA,NA
MI,1987,inc,100,full,NA,NA
MI,1988,inc,100,full,NA,NA
MI,1989,inc,100,full,NA,NA
MI,1990,inc,100,full,NA,NA
MI,1991,inc,100,full,NA,NA
MI,1992,inc,100,full,NA,NA
MI,1993,inc,100,full,NA,NA
MI,1994,inc,100,full,NA,NA
MI,1995,inc,100,full,NA,NA
MI,1996,inc,100,full,NA,NA
MI,1997,inc,100,full,NA,NA
MI,1998,inc,100,full,NA,NA
MI,1999,inc,100,full,NA,NA
MI,2000,inc,100,full,NA,NA
MI,2001,inc,100,full,NA,NA
MI,2002,inc,100,full,NA,NA
MI,2003,inc,100,full,NA,NA
MI,2004,inc,100,full,NA,NA
MI,2005,inc,100,full,NA,NA
MI,2006,inc,100,full,NA,NA
MI,2007,inc,100,full,NA,NA
MI,2008,inc,100,full,NA,NA
MI,2009,inc,100,full,NA,NA
MI,2010,inc,100,full,NA,NA
MI,2011,inc,100,full,NA,NA
MI,2012,inc,100,full,NA,NA
MI,2013,inc,100,full,NA,NA
MI,2014,inc,100,full,NA,NA
MI,2015,inc,100,full,NA,NA
MI,2016,inc,100,full,NA,NA
MI,2017,inc,100,full,NA,NA
MI,2018,inc,100,full,NA,NA
MI,2019,inc,100,full,NA,NA
MI,2020,inc,91.66666666666666,partial,NA,NA
MI,1980,par,100,full,NA,NA
MI,1981,par,100,full,NA,NA
MI,1982,par,100,full,NA,NA
MI,1983,par,100,full,NA,NA
MI,1984,par,100,full,NA,NA
MI,1985,par,100,full,NA,NA
MI,1986,par,100,full,NA,NA
MI,1987,par,100,full,NA,NA
MI,1988,par,100,full,NA,NA
MI,1989,par,100,full,NA,NA
MI,1990,par,100,full,NA,NA
MI,1991,par,100,full,NA,NA
MI,1992,par,100,full,NA,NA
MI,1993,par,100,full,NA,NA
MI,1994,par,100,full,NA,NA
MI,1995,par,100,full,NA,NA
MI,1996,par,100,full,NA,NA
MI,1997,par,100,full,NA,NA
MI,1998,par,100,full,NA,NA
MI,1999,par,100,full,NA,NA
MI,2000,par,100,full,NA,NA
MI,2001,par,100,full,NA,NA
MI,2002,par,100,full,NA,NA
MI,2003,par,100,full,NA,NA
MI,2004,par,100,full,NA,NA
MI,2005,par,100,full,NA,NA
MI,2006,par,100,full,NA,NA
MI,2007,par,100,full,NA,NA
MI,2008,par,100,full,NA,NA
MI,2009,par,100,full,NA,NA
MI,2010,par,100,full,NA,NA
MI,2011,par,100,full,NA,NA
MI,2012,par,100,full,NA,NA
MI,2013,par,100,full,NA,NA
MI,2014,par,100,full,NA,NA
MI,2015,par,100,full,NA,NA
MI,2016,par,100,full,NA,NA
MI,2017,par,100,full,NA,NA
MI,2018,par,100,full,NA,NA
MI,2019,par,100,full,NA,NA
MI,2020,par,91.66666666666666,partial,NA,NA
MI,2001,pro,100,full,NA,NA
MI,2002,pro,100,full,NA,NA
MI,2003,pro,100,full,NA,NA
MI,2004,pro,100,full,NA,NA
MI,2005,pro,100,full,NA,NA
MI,2006,pro,100,full,NA,NA
MI,2007,pro,100,full,NA,NA
MI,2008,pro,100,full,NA,NA
MI,2009,pro,100,full,NA,NA
MI,2010,pro,100,full,NA,NA
MI,2011,pro,100,full,NA,NA
MI,2012,pro,100,full,NA,NA
MI,2013,pro,100,full,NA,NA
MI,2014,pro,100,full,NA,NA
MI,2015,pro,100,full,NA,NA
MI,2016,pro,100,full,NA,NA
MI,2017,pro,100,full,NA,NA
MI,2018,pro,100,full,NA,NA
MI,2019,pro,100,full,NA,NA
MI,2020,pro,91.66666666666666,partial,NA,NA
NC,1972,adj,NA,partialFelony_noMisd,33.33333333333333,NA
NC,1973,adj,NA,fullFelony_noMisd,100,NA
NC,1974,adj,NA,fullFelony_noMisd,100,NA
NC,1975,adj,NA,fullFelony_noMisd,100,NA
NC,1976,adj,NA,fullFelony_noMisd,100,NA
NC,1977,adj,NA,fullFelony_noMisd,100,NA
NC,1978,adj,NA,fullFelony_noMisd,100,NA
NC,1979,adj,NA,fullFelony_noMisd,100,NA
NC,1980,adj,NA,fullFelony_noMisd,100,NA
NC,1981,adj,NA,fullFelony_noMisd,100,NA
NC,1982,adj,NA,fullFelony_noMisd,100,NA
NC,1983,adj,NA,fullFelony_noMisd,100,NA
NC,1984,adj,NA,fullFelony_noMisd,100,NA
NC,1985,adj,NA,fullFelony_noMisd,100,NA
NC,1986,adj,NA,fullFelony_noMisd,100,NA
NC,1987,adj,NA,fullFelony_noMisd,100,NA
NC,1988,adj,NA,fullFelony_noMisd,100,NA
NC,1989,adj,NA,fullFelony_noMisd,100,NA
NC,1990,adj,NA,fullFelony_noMisd,100,NA
NC,1991,adj,NA,fullFelony_noMisd,100,NA
NC,1992,adj,NA,fullFelony_noMisd,100,NA
NC,1993,adj,NA,fullFelony_noMisd,100,NA
NC,1994,adj,NA,fullFelony_noMisd,100,NA
NC,1995,adj,NA,fullFelony_noMisd,100,NA
NC,1996,adj,NA,fullFelony_noMisd,100,NA
NC,1997,adj,NA,fullFelony_noMisd,100,NA
NC,1998,adj,NA,fullFelony_noMisd,100,NA
NC,1999,adj,NA,fullFelony_noMisd,100,NA
NC,2000,adj,NA,fullFelony_noMisd,100,NA
NC,2001,adj,NA,fullFelony_noMisd,100,NA
NC,2002,adj,NA,fullFelony_noMisd,100,NA
NC,2003,adj,NA,fullFelony_noMisd,100,NA
NC,2004,adj,NA,fullFelony_noMisd,100,NA
NC,2005,adj,NA,fullFelony_noMisd,100,NA
NC,2006,adj,NA,fullFelony_noMisd,100,NA
NC,2007,adj,NA,fullFelony_noMisd,100,NA
NC,2008,adj,NA,fullFelony_noMisd,100,NA
NC,2009,adj,NA,fullFelony_noMisd,100,NA
NC,2010,adj,NA,fullFelony_partialMisd,100,58.333333333333336
NC,2011,adj,NA,full,100,100
NC,2012,adj,NA,full,100,100
NC,2013,adj,NA,full,100,100
NC,2014,adj,NA,full,100,100
NC,2015,adj,NA,full,100,100
NC,2016,adj,NA,full,100,100
NC,2017,adj,NA,full,100,100
NC,2018,adj,NA,full,100,100
NC,2019,adj,NA,full,100,100
NC,2020,adj,NA,fullFelony_partialMisd,100,50
NC,2021,adj,NA,fullFelony_noMisd,100,NA
NC,2022,adj,NA,partialFelony_noMisd,75,NA
NC,1972,inc,33.33333333333333,partial,NA,NA
NC,1973,inc,100,full,NA,NA
NC,1974,inc,100,full,NA,NA
NC,1975,inc,100,full,NA,NA
NC,1976,inc,100,full,NA,NA
NC,1977,inc,100,full,NA,NA
NC,1978,inc,100,full,NA,NA
NC,1979,inc,100,full,NA,NA
NC,1980,inc,100,full,NA,NA
NC,1981,inc,100,full,NA,NA
NC,1982,inc,100,full,NA,NA
NC,1983,inc,100,full,NA,NA
NC,1984,inc,100,full,NA,NA
NC,1985,inc,100,full,NA,NA
NC,1986,inc,100,full,NA,NA
NC,1987,inc,100,full,NA,NA
NC,1988,inc,100,full,NA,NA
NC,1989,inc,100,full,NA,NA
NC,1990,inc,100,full,NA,NA
NC,1991,inc,100,full,NA,NA
NC,1992,inc,100,full,NA,NA
NC,1993,inc,100,full,NA,NA
NC,1994,inc,100,full,NA,NA
NC,1995,inc,100,full,NA,NA
NC,1996,inc,100,full,NA,NA
NC,1997,inc,100,full,NA,NA
NC,1998,inc,100,full,NA,NA
NC,1999,inc,100,full,NA,NA
NC,2000,inc,100,full,NA,NA
NC,2001,inc,100,full,NA,NA
NC,2002,inc,100,full,NA,NA
NC,2003,inc,100,full,NA,NA
NC,2004,inc,100,full,NA,NA
NC,2005,inc,100,full,NA,NA
NC,2006,inc,100,full,NA,NA
NC,2007,inc,100,full,NA,NA
NC,2008,inc,100,full,NA,NA
NC,2009,inc,100,full,NA,NA
NC,2010,inc,100,full,NA,NA
NC,2011,inc,100,full,NA,NA
NC,2012,inc,100,full,NA,NA
NC,2013,inc,100,full,NA,NA
NC,2014,inc,100,full,NA,NA
NC,2015,inc,100,full,NA,NA
NC,2016,inc,100,full,NA,NA
NC,2017,inc,100,full,NA,NA
NC,2018,inc,100,full,NA,NA
NC,2019,inc,100,full,NA,NA
NC,2020,inc,100,full,NA,NA
NC,2021,inc,100,full,NA,NA
NC,2022,inc,75,partial,NA,NA
NC,1996,par,83.33333333333334,partial,NA,NA
NC,1997,par,100,full,NA,NA
NC,1998,par,100,full,NA,NA
NC,1999,par,100,full,NA,NA
NC,2000,par,100,full,NA,NA
NC,2001,par,100,full,NA,NA
NC,2002,par,100,full,NA,NA
NC,2003,par,100,full,NA,NA
NC,2004,par,100,full,NA,NA
NC,2005,par,100,full,NA,NA
NC,2006,par,100,full,NA,NA
NC,2007,par,100,full,NA,NA
NC,2008,par,100,full,NA,NA
NC,2009,par,100,full,NA,NA
NC,2010,par,100,full,NA,NA
NC,2011,par,100,full,NA,NA
NC,2012,par,100,full,NA,NA
NC,2013,par,100,full,NA,NA
NC,2014,par,100,full,NA,NA
NC,2015,par,100,full,NA,NA
NC,2016,par,100,full,NA,NA
NC,2017,par,100,full,NA,NA
NC,2018,par,100,full,NA,NA
NC,2019,par,100,full,NA,NA
NC,2020,par,100,full,NA,NA
NC,2021,par,100,full,NA,NA
NC,2022,par,75,partial,NA,NA
NC,1986,pro,100,full,NA,NA
NC,1987,pro,100,full,NA,NA
NC,1988,pro,100,full,NA,NA
NC,1989,pro,100,full,NA,NA
NC,1990,pro,100,full,NA,NA
NC,1991,pro,100,full,NA,NA
NC,1992,pro,100,full,NA,NA
NC,1993,pro,100,full,NA,NA
NC,1994,pro,100,full,NA,NA
NC,1995,pro,100,full,NA,NA
NC,1996,pro,100,full,NA,NA
NC,1997,pro,100,full,NA,NA
NC,1998,pro,100,full,NA,NA
NC,1999,pro,100,full,NA,NA
NC,2000,pro,100,full,NA,NA
NC,2001,pro,100,full,NA,NA
NC,2002,pro,100,full,NA,NA
NC,2003,pro,100,full,NA,NA
NC,2004,pro,100,full,NA,NA
NC,2005,pro,100,full,NA,NA
NC,2006,pro,100,full,NA,NA
NC,2007,pro,100,full,NA,NA
NC,2008,pro,100,full,NA,NA
NC,2009,pro,100,full,NA,NA
NC,2010,pro,100,full,NA,NA
NC,2011,pro,100,full,NA,NA
NC,2012,pro,100,full,NA,NA
NC,2013,pro,100,full,NA,NA
NC,2014,pro,100,full,NA,NA
NC,2015,pro,100,full,NA,NA
NC,2016,pro,100,full,NA,NA
NC,2017,pro,50,partial,NA,NA
TX,1970,adj,NA,noFelony_partialMisd,NA,0.39370078740157477
TX,1971,adj,NA,noFelony_partialMisd,NA,0.7874015748031495
TX,1972,adj,NA,partial,0.5577427821522309,0.7874015748031495
TX,1973,adj,NA,partial,0.7874015748031495,0.7874015748031495
TX,1974,adj,NA,partial,0.7874015748031495,0.7874015748031495
TX,1975,adj,NA,partial,0.7874015748031495,1.4763779527559056
TX,1976,adj,NA,partial,0.7874015748031495,1.968503937007874
TX,1977,adj,NA,partial,1.5091863517060367,1.968503937007874
TX,1978,adj,NA,partial,1.574803149606299,2.0013123359580054
TX,1979,adj,NA,partial,2.0341207349081363,2.5262467191601052
TX,1980,adj,NA,partial,3.149606299212598,3.510498687664042
TX,1981,adj,NA,partial,3.510498687664042,3.937007874015748
TX,1982,adj,NA,partial,4.0682414698162725,4.52755905511811
TX,1983,adj,NA,partial,4.330708661417323,6.463254593175853
TX,1984,adj,NA,partial,4.625984251968504,7.086614173228346
TX,1985,adj,NA,partial,5.905511811023622,7.086614173228346
TX,1986,adj,NA,partial,6.955380577427822,7.480314960629922
TX,1987,adj,NA,partial,8.169291338582676,9.448818897637794
TX,1988,adj,NA,partial,9.383202099737533,9.448818897637794
TX,1989,adj,NA,partial,10.072178477690288,10.728346456692913
TX,1990,adj,NA,partial,10.62992125984252,12.073490813648293
TX,1991,adj,NA,partial,11.581364829396325,12.598425196850393
TX,1992,adj,NA,partial,12.204724409448819,13.221784776902886
TX,1993,adj,NA,partial,76.77165354330708,91.56824146981627
TX,1994,adj,NA,partial,77.36220472440945,93.30708661417323
TX,1995,adj,NA,partial,78.34645669291339,93.7007874015748
TX,1996,adj,NA,partial,78.74015748031496,93.7007874015748
TX,1997,adj,NA,partial,78.74015748031496,93.7007874015748
TX,1998,adj,NA,partial,79.13385826771653,93.7007874015748
TX,1999,adj,NA,partial,80.31496062992126,94.09448818897637
TX,2000,adj,NA,partial,80.31496062992126,94.48818897637796
TX,2001,adj,NA,partial,80.31496062992126,94.48818897637796
TX,2002,adj,NA,partial,81.03674540682415,95.60367454068242
TX,2003,adj,NA,partial,81.10236220472441,95.66929133858267
TX,2004,adj,NA,partial,81.10236220472441,95.66929133858267
TX,2005,adj,NA,partial,81.10236220472441,95.66929133858267
TX,2006,adj,NA,partial,81.49606299212599,95.66929133858267
TX,2007,adj,NA,partial,81.49606299212599,95.66929133858267
TX,2008,adj,NA,partial,81.10236220472441,95.66929133858267
TX,2009,adj,NA,partial,81.16797900262466,95.2755905511811
TX,2010,adj,NA,partial,81.46325459317585,95.2755905511811
TX,2011,adj,NA,partial,81.16797900262466,95.2755905511811
TX,2012,adj,NA,partial,75.7217847769029,93.50393700787401
TX,2013,adj,NA,partial,46.75196850393701,64.27165354330708
TX,2014,adj,NA,partial,20.47244094488189,25.065616797900265
TX,2015,adj,NA,partial,20.47244094488189,25.196850393700785
TX,2016,adj,NA,partial,20.47244094488189,25.196850393700785
TX,2017,adj,NA,partial,20.57086614173228,24.77034120734908
TX,2018,adj,NA,partial,13.254593175853019,15.813648293963253
TX,2019,adj,NA,partial,0.984251968503937,0.984251968503937
TX,2020,adj,NA,partial,0.4921259842519685,0.39370078740157477
TX,2021,adj,NA,partial,0.39370078740157477,0.39370078740157477
TX,2022,adj,NA,partial,0.32808398950131235,0.36089238845144356
TX,1980,arr,0.39370078740157477,partial,NA,NA
TX,1981,arr,0.39370078740157477,partial,NA,NA
TX,1982,arr,0.39370078740157477,partial,NA,NA
TX,1983,arr,0.39370078740157477,partial,NA,NA
TX,1984,arr,0.39370078740157477,partial,NA,NA
TX,1985,arr,0.39370078740157477,partial,NA,NA
TX,1986,arr,0.4921259842519685,partial,NA,NA
TX,1987,arr,0.7874015748031495,partial,NA,NA
TX,1988,arr,0.7874015748031495,partial,NA,NA
TX,1989,arr,0.7874015748031495,partial,NA,NA
TX,1990,arr,0.7874015748031495,partial,NA,NA
TX,1991,arr,0.7874015748031495,partial,NA,NA
TX,1992,arr,0.7874015748031495,partial,NA,NA
TX,1993,arr,0.7874015748031495,partial,NA,NA
TX,1994,arr,0.7874015748031495,partial,NA,NA
TX,1995,arr,0.7874015748031495,partial,NA,NA
TX,1996,arr,0.7874015748031495,partial,NA,NA
TX,1997,arr,0.7874015748031495,partial,NA,NA
TX,1998,arr,0.7874015748031495,partial,NA,NA
TX,1999,arr,0.7874015748031495,partial,NA,NA
TX,2000,arr,0.7874015748031495,partial,NA,NA
TX,2001,arr,0.7874015748031495,partial,NA,NA
TX,2002,arr,0.7874015748031495,partial,NA,NA
TX,2003,arr,0.7874015748031495,partial,NA,NA
TX,2004,arr,0.7874015748031495,partial,NA,NA
TX,2005,arr,0.7874015748031495,partial,NA,NA
TX,2006,arr,1.1811023622047243,partial,NA,NA
TX,2007,arr,1.1811023622047243,partial,NA,NA
TX,2008,arr,1.1811023622047243,partial,NA,NA
TX,2009,arr,1.1811023622047243,partial,NA,NA
TX,2010,arr,1.574803149606299,partial,NA,NA
TX,2011,arr,1.574803149606299,partial,NA,NA
TX,2012,arr,1.574803149606299,partial,NA,NA
TX,2013,arr,1.574803149606299,partial,NA,NA
TX,2014,arr,1.968503937007874,partial,NA,NA
TX,2015,arr,1.968503937007874,partial,NA,NA
TX,2016,arr,2.0013123359580054,partial,NA,NA
TX,2017,arr,1.804461942257218,partial,NA,NA
TX,2018,arr,1.541994750656168,partial,NA,NA
TX,2019,arr,1.0498687664041995,partial,NA,NA
TX,2020,arr,0.45931758530183725,partial,NA,NA
TX,2021,arr,0.36089238845144356,partial,NA,NA
TX,1978,inc,100,full,NA,NA
TX,1979,inc,100,full,NA,NA
TX,1980,inc,100,full,NA,NA
TX,1981,inc,100,full,NA,NA
TX,1982,inc,100,full,NA,NA
TX,1983,inc,100,full,NA,NA
TX,1984,inc,100,full,NA,NA
TX,1985,inc,100,full,NA,NA
TX,1986,inc,100,full,NA,NA
TX,1987,inc,100,full,NA,NA
TX,1988,inc,100,full,NA,NA
TX,1989,inc,100,full,NA,NA
TX,1990,inc,100,full,NA,NA
TX,1991,inc,100,full,NA,NA
TX,1992,inc,100,full,NA,NA
TX,1993,inc,100,full,NA,NA
TX,1994,inc,100,full,NA,NA
TX,1995,inc,100,full,NA,NA
TX,1996,inc,100,full,NA,NA
TX,1997,inc,100,full,NA,NA
TX,1998,inc,100,full,NA,NA
TX,1999,inc,100,full,NA,NA
TX,2000,inc,100,full,NA,NA
TX,2001,inc,100,full,NA,NA
TX,2002,inc,100,full,NA,NA
TX,2003,inc,100,full,NA,NA
TX,2004,inc,100,full,NA,NA
TX,2005,inc,100,full,NA,NA
TX,2006,inc,100,full,NA,NA
TX,2007,inc,100,full,NA,NA
TX,2008,inc,100,full,NA,NA
TX,2009,inc,100,full,NA,NA
TX,2010,inc,100,full,NA,NA
TX,2011,inc,100,full,NA,NA
TX,2012,inc,100,full,NA,NA
TX,2013,inc,100,full,NA,NA
TX,2014,inc,100,full,NA,NA
TX,2015,inc,100,full,NA,NA
TX,2016,inc,100,full,NA,NA
TX,2017,inc,100,full,NA,NA
TX,2018,inc,66.66666666666666,partial,NA,NA
TX,2019,inc,8.333333333333332,partial,NA,NA
TX,1978,par,100,full,NA,NA
TX,1979,par,100,full,NA,NA
TX,1980,par,100,full,NA,NA
TX,1981,par,100,full,NA,NA
TX,1982,par,100,full,NA,NA
TX,1983,par,100,full,NA,NA
TX,1984,par,100,full,NA,NA
TX,1985,par,100,full,NA,NA
TX,1986,par,100,full,NA,NA
TX,1987,par,100,full,NA,NA
TX,1988,par,100,full,NA,NA
TX,1989,par,100,full,NA,NA
TX,1990,par,100,full,NA,NA
TX,1991,par,100,full,NA,NA
TX,1992,par,100,full,NA,NA
TX,1993,par,100,full,NA,NA
TX,1994,par,100,full,NA,NA
TX,1995,par,100,full,NA,NA
TX,1996,par,100,full,NA,NA
TX,1997,par,100,full,NA,NA
TX,1998,par,100,full,NA,NA
TX,1999,par,100,full,NA,NA
TX,2000,par,100,full,NA,NA
TX,2001,par,100,full,NA,NA
TX,2002,par,100,full,NA,NA
TX,2003,par,100,full,NA,NA
TX,2004,par,100,full,NA,NA
TX,2005,par,100,full,NA,NA
TX,2006,par,100,full,NA,NA
TX,2007,par,100,full,NA,NA
TX,2008,par,100,full,NA,NA
TX,2009,par,100,full,NA,NA
TX,2010,par,100,full,NA,NA
TX,2011,par,100,full,NA,NA
TX,2012,par,100,full,NA,NA
TX,2013,par,100,full,NA,NA
TX,2014,par,100,full,NA,NA
TX,2015,par,100,full,NA,NA
TX,2016,par,100,full,NA,NA
TX,2017,par,100,full,NA,NA
TX,2018,par,75,partial,NA,NA
TX,2004,pro,91.66666666666666,partial,NA,NA
TX,2005,pro,100,full,NA,NA
TX,2006,pro,100,full,NA,NA
TX,2007,pro,100,full,NA,NA
TX,2008,pro,100,full,NA,NA
TX,2009,pro,100,full,NA,NA
TX,2010,pro,100,full,NA,NA
TX,2011,pro,100,full,NA,NA
TX,2012,pro,100,full,NA,NA
TX,2013,pro,100,full,NA,NA
TX,2014,pro,100,full,NA,NA
TX,2015,pro,100,full,NA,NA
TX,2016,pro,100,full,NA,NA
TX,2017,pro,100,full,NA,NA
TX,2018,pro,75,partial,NA,NA
TX,2020,pro,8.333333333333332,partial,NA,NA
WI,1981,adj,NA,partialFelony_noMisd,1.3888888888888888,NA
WI,1982,adj,NA,partialFelony_noMisd,2.662037037037037,NA
WI,1983,adj,NA,partial,2.7777777777777777,1.3888888888888888
WI,1984,adj,NA,partial,2.7777777777777777,1.3888888888888888
WI,1985,adj,NA,partial,2.7777777777777777,1.3888888888888888
WI,1986,adj,NA,partial,2.7777777777777777,1.3888888888888888
WI,1987,adj,NA,partial,2.7777777777777777,1.3888888888888888
WI,1988,adj,NA,partial,6.944444444444445,1.3888888888888888
WI,1989,adj,NA,partial,13.657407407407407,1.3888888888888888
WI,1990,adj,NA,partial,15.277777777777779,1.3888888888888888
WI,1991,adj,NA,partial,25,2.7777777777777777
WI,1992,adj,NA,partial,58.79629629629629,5.555555555555555
WI,1993,adj,NA,partial,73.49537037037037,6.944444444444445
WI,1994,adj,NA,partial,84.375,6.944444444444445
WI,1995,adj,NA,partial,93.05555555555556,8.333333333333332
WI,1996,adj,NA,partial,94.44444444444444,8.333333333333332
WI,1997,adj,NA,partial,95.83333333333334,17.939814814814813
WI,1998,adj,NA,partial,98.61111111111111,67.82407407407408
WI,1999,adj,NA,partial,98.61111111111111,99.18981481481481
WI,2000,adj,NA,partialFelony_fullMisd,98.61111111111111,100
WI,2001,adj,NA,partialFelony_fullMisd,98.61111111111111,100
WI,2002,adj,NA,partialFelony_fullMisd,98.61111111111111,100
WI,2003,adj,NA,partialFelony_fullMisd,98.61111111111111,100
WI,2004,adj,NA,partialFelony_fullMisd,98.61111111111111,100
WI,2005,adj,NA,partialFelony_fullMisd,98.61111111111111,100
WI,2006,adj,NA,partialFelony_fullMisd,99.65277777777779,100
WI,2007,adj,NA,full,100,100
WI,2008,adj,NA,full,100,100
WI,2009,adj,NA,full,100,100
WI,2010,adj,NA,full,100,100
WI,2011,adj,NA,full,100,100
WI,2012,adj,NA,full,100,100
WI,2013,adj,NA,full,100,100
WI,2014,adj,NA,full,100,100
WI,2015,adj,NA,full,100,100
WI,2016,adj,NA,full,100,100
WI,2017,adj,NA,full,100,100
WI,2018,adj,NA,partial,98.8425925925926,99.18981481481481
WI,2019,adj,NA,partial,77.31481481481481,79.39814814814815
WI,1990,inc,100,full,NA,NA
WI,1991,inc,100,full,NA,NA
WI,1992,inc,100,full,NA,NA
WI,1993,inc,100,full,NA,NA
WI,1994,inc,100,full,NA,NA
WI,1995,inc,100,full,NA,NA
WI,1996,inc,100,full,NA,NA
WI,1997,inc,100,full,NA,NA
WI,1998,inc,100,full,NA,NA
WI,1999,inc,100,full,NA,NA
WI,2000,inc,100,full,NA,NA
WI,2001,inc,100,full,NA,NA
WI,2002,inc,100,full,NA,NA
WI,2003,inc,100,full,NA,NA
WI,2004,inc,100,full,NA,NA
WI,2005,inc,100,full,NA,NA
WI,2006,inc,100,full,NA,NA
WI,2007,inc,100,full,NA,NA
WI,2008,inc,100,full,NA,NA
WI,2009,inc,100,full,NA,NA
WI,2010,inc,100,full,NA,NA
WI,2011,inc,100,full,NA,NA
WI,2012,inc,100,full,NA,NA
WI,2013,inc,100,full,NA,NA
WI,2014,inc,100,full,NA,NA
WI,2015,inc,100,full,NA,NA
WI,2016,inc,100,full,NA,NA
WI,2017,inc,100,full,NA,NA
WI,2018,inc,100,full,NA,NA
WI,2019,inc,100,full,NA,NA
WI,2020,inc,100,full,NA,NA
WI,2021,inc,100,full,NA,NA
WI,2022,inc,75,partial,NA,NA
WI,1990,pro,100,full,NA,NA
WI,1991,pro,100,full,NA,NA
WI,1992,pro,100,full,NA,NA
WI,1993,pro,100,full,NA,NA
WI,1994,pro,100,full,NA,NA
WI,1995,pro,100,full,NA,NA
WI,1996,pro,100,full,NA,NA
WI,1997,pro,100,full,NA,NA
WI,1998,pro,100,full,NA,NA
WI,1999,pro,100,full,NA,NA
WI,2000,pro,100,full,NA,NA
WI,2001,pro,100,full,NA,NA
WI,2002,pro,100,full,NA,NA
WI,2003,pro,100,full,NA,NA
WI,2004,pro,100,full,NA,NA
WI,2005,pro,100,full,NA,NA
WI,2006,pro,100,full,NA,NA
WI,2007,pro,100,full,NA,NA
WI,2008,pro,100,full,NA,NA
WI,2009,pro,100,full,NA,NA
WI,2010,pro,100,full,NA,NA
WI,2011,pro,100,full,NA,NA
WI,2012,pro,100,full,NA,NA
WI,2013,pro,100,full,NA,NA
WI,2014,pro,100,full,NA,NA
WI,2015,pro,100,full,NA,NA
WI,2016,pro,100,full,NA,NA
WI,2017,pro,100,full,NA,NA
WI,2018,pro,100,full,NA,NA
WI,2019,pro,100,full,NA,NA
WI,2020,pro,100,full,NA,NA
